column,column_2,column_3,column_4,column_5,8(cid:24)656(cid:8),>,(cid:26);:,(cid:26);(cid:27)@9?,>(cid:28)?,>(cid:28);@(cid:28)>,<:,>;?@(cid:28)(cid:27):,?,(cid:28)<<@?,(cid:26)9>@(cid:26),:<(cid:27)@(cid:26),column_6,column_7,source_page
,,,,,765,(cid:27),>,;;(cid:27)@(cid:26),=(cid:26),>;(cid:28),(cid:27),?:<@(cid:26),(cid:27),<>:,;(cid:27):,;>,,,1
,,,,,(cid:24)14,(cid:26),(cid:27)(cid:26),<(cid:26);@>(cid:26),:<(cid:26),9:=@(cid:28),:,;(cid:26)<@?(cid:26),(cid:28),=:(cid:27)@(cid:26),9(cid:26)=,:(cid:28)(cid:28),,,1
,,,,,/32,(cid:27),(cid:27),(cid:28)(cid:27):,>,>:,(cid:27),(cid:28)::,(cid:27),<,<,(cid:27),,,1
,,,,(cid:29)-,1(cid:22)0,(cid:27),(cid:27),:;:,<,>(cid:26),(cid:27),>=:,(cid:27),9,::,>,,,1
,,(cid:28)(cid:26)(cid:27)(cid:26)(cid:8),,",)(cid:31)$!",/(cid:15)(cid:22),(cid:27),(cid:28)>,;(cid:27)>@9:,(cid:27)(cid:27):,(cid:27)=(cid:26)@<:,:,<;(cid:28)@<(cid:26),<,?(cid:27)9@(cid:26),;=<,?(cid:28)>,,,1
,,(cid:4)(cid:3)(cid:2)(cid:20)(cid:20)(cid:19),,,(cid:0)(cid:15).,(cid:26),<?,:(cid:27)=@(cid:26)(cid:28),?9(cid:28),>;(cid:27)@;(cid:26),::,=;>@(cid:27)(cid:28),:,(cid:28)(cid:28)<@>,9(cid:28)(cid:26)@:,:=?,,,1
,,(cid:9)(cid:8)(cid:5)(cid:2)(cid:19)(cid:6)(cid:6)(cid:24)(cid:8)(cid:4)(cid:10)(cid:17)(cid:25)(cid:17)(cid:10)(cid:16)(cid:24)(cid:8)(cid:6)(cid:13)(cid:17)(cid:10)(cid:2)(cid:3)(cid:10)(cid:18),,,15D63(cid:24)(cid:8).(cid:22)(cid:24)5(cid:12),8D(cid:24)(cid:0)(cid:8)15D6(cid:24)(cid:0)(cid:22)DB153,645(cid:8)F(cid:8)(cid:22)(cid:15)B(cid:9)1(cid:24)(cid:22)6(cid:8)E61453,15D63D(cid:21)153(cid:8)8(cid:24)1D(cid:0)D(cid:22)3,(cid:15)3D651(cid:8)76(cid:24)(cid:15).,(cid:15)6(cid:24)3D8/4.,C(cid:24)(cid:22)(cid:21)1A(cid:8)15D6(cid:24)3DBD(cid:22)(cid:15)(cid:21)(cid:8)8D(cid:24)(cid:0),E31(cid:15)6(cid:15)/(cid:0)531D(cid:8)8(cid:24)61(cid:15)(cid:0),(cid:15)6(cid:24)6(cid:9)(cid:8)B5(cid:8)645(cid:8).(cid:15)(cid:21)5(cid:0),(cid:8)(cid:22)(cid:15)765,6(cid:9)(cid:15)4H(cid:15)(cid:22)(cid:8)(cid:22)(cid:15)65(cid:21),,,,1
,,(cid:17)(cid:23)(cid:11)(cid:22)(cid:8)(cid:3)(cid:11)(cid:10),,,(cid:9)/4.,:<:,(cid:28)<<@>,<==,?:,;?(cid:26),(cid:27),;?;,:>(cid:27)@:,??>@(cid:28),;;,>::,(cid:27):(cid:28),>:,1
,,(cid:13)(cid:21)(cid:8)(cid:14)(cid:13)(cid:8)(cid:4)(cid:3)(cid:2)(cid:20),,"""",8(cid:24)656,?>:,:(cid:27)(cid:27)@>,>?(cid:27)@=,:?>@(cid:26),<(cid:28)=@(cid:26)(cid:26),(cid:27),><<,>?>,(cid:27)<:@=?:,>>:,=<<@(cid:28),<?(cid:26)@:,<,1
,,(cid:20)(cid:19)(cid:9)(cid:8),,"(!
+(cid:8)""",765,=,(cid:27)?,>>(cid:26),?(cid:27):,;?>,(cid:27),>,;:,>==@<,(cid:26),;>,=<,(cid:27),1
,,(cid:18)(cid:6)(cid:13)(cid:17)(cid:10)(cid:16)(cid:11)(cid:5)(cid:15),,*(cid:8)#)’(,(cid:24)14,(cid:28)<,:>(cid:27)@:,9;(cid:28)@(cid:26),(cid:28)9=,9:(cid:27)@;,(cid:27),;;,(cid:27)(cid:26):,(cid:27)<<@(cid:26)=,(cid:27)>,;<;@:,(cid:27)=<,:,1
,,(cid:8)(cid:14)(cid:13)(cid:8)(cid:7)(cid:3)(cid:2),,!((cid:29)’&$,/32,(cid:27),(cid:26):,9(cid:26),:(cid:26),?(cid:26),(cid:27),(cid:27),:,<<=,(cid:27),:(cid:26),;,(cid:27),1
,,(cid:13)(cid:12)(cid:8)(cid:11)(cid:10)(cid:2)(cid:10),,!(cid:8)%$#,1(cid:22)0,(cid:27),9,(cid:28),;:,><,(cid:27),(cid:27),(cid:26),(cid:26)(cid:28)(cid:28),(cid:27),(cid:26)(cid:26),:,(cid:27),1
,,(cid:9)(cid:8)(cid:7)(cid:6)(cid:2)(cid:5)(cid:4)(cid:3),,,/(cid:15)(cid:22),;(cid:26),>?=,=;?,>(cid:26)<,(cid:26)(cid:27)(cid:26)@>,(cid:27),(cid:26)<,;;,(cid:28)<<@<<,9(cid:26),<(cid:26)=,<;:,:,1
,,(cid:2)(cid:0),,,(cid:0)(cid:15).,:9,;(cid:28)(cid:27)@(cid:26),(cid:26)9(cid:26)@<,;<(cid:26)@:,>=?@::,(cid:27),(cid:26)<(cid:26),?9(cid:26),;(cid:27)>@;9,>=,?99@(cid:26),;:=,:,1
,,,,"""!
(cid:31)(cid:31)(cid:30)(cid:29)","C(cid:24)3/BA(cid:8)6588(cid:24)(cid:12)(cid:8)(cid:15)(cid:15)61(cid:15)(cid:9)(cid:12)(cid:24)
(cid:8)",8D(cid:24)(cid:0)(cid:8)E(cid:12),(cid:9)(cid:15)D31(cid:15)0(cid:24)(cid:8)(cid:15)6(cid:24)6(cid:9)(cid:8).(cid:15)6(cid:24)10D(cid:9)(cid:15).,3(cid:15)(cid:9)(cid:8)35(cid:9)(cid:8)G(cid:8).(cid:15)8(cid:12)(cid:24)(cid:9)D.(cid:8)G(cid:8)E8(cid:22)(cid:15).8(cid:15),6(cid:22)5/(cid:15)(cid:22)(cid:8)3D(cid:22)(cid:15),(cid:8).(cid:22)(cid:24)5(cid:12)(cid:8)(cid:22)(cid:15)7651(cid:24)(cid:8)(cid:0)5(cid:22)B,6588(cid:24)(cid:12)(cid:8)8(cid:24)15D(cid:9)D(cid:21)5(cid:22)/,15(cid:9)(cid:22)(cid:15)/(cid:8)1D,15D6(cid:24)(cid:22)6(cid:9)D1D(cid:0).(cid:24)(cid:8)(cid:15)83D7(cid:15)(cid:21)(cid:8)(cid:22)565(cid:0),8D(cid:24)(cid:0)(cid:8)E(cid:12)(cid:8)(cid:24)(cid:22)(cid:21)1,15D6(cid:24)(cid:22)6(cid:9)D0(cid:15)(cid:22)(cid:8)(cid:15)1D815,(cid:9)1(cid:24)(cid:15)(cid:0)(cid:8)(cid:22)(cid:15)765,01D6D4(cid:22)3(cid:15)(cid:22),15D6(cid:24)(cid:22)6(cid:9)D0(cid:15)(cid:22)(cid:8)E(cid:24).(cid:8)(cid:15)(cid:0)(cid:24)(cid:9),1
